,Blog Title,Blog_URL
0,Feranmi Akeredolu,w3b.hashnode.dev
1,Abhiraj Bhowmick,blog.abhiraj.co
2,'Wumi Ola,wumidev.hashnode.dev
3,Rajat Gupta,rajatgupta.net
4,Leonardo Maia Pugliese,holyswift.app
5,Kreation Duwal,codingdesires.hashnode.dev
6,Samir Mohamed,smohamed.hashnode.dev
7,Jym Cheong,blog.jym.sg
8,Pranav Bakale,pranavbakale.hashnode.dev
9,Yokwejuste,yokwejuste.live
10,Syed Jafer,blog.learnml.xyz
11,Simon,simondoescoding.hashnode.dev
12,Sachini Dissanayaka,s4ch1.hashnode.dev
13,Quratulain,ainisnippets.hashnode.dev
14,Akhil Bomma,akhilbomma.hashnode.dev
15,Ayooluwa Aduwo,ayoaduwo.hashnode.dev
16,Reactive Search,blog.reactivesearch.io
17,Rajdeep Sengupta,rajdeep.hashnode.dev
18,NRF,blog.bracketsinstitute.com
19,Ashutosh Mishra,fullstackstage.com
20,Tomasz Węgrzanowski,taw.hashnode.dev
21,Hanif,fhanif.hashnode.dev
22,Tim Hilton,tjhilton.hashnode.dev
23,ogunbiyi oladapo,strawhatdeveloper.hashnode.dev
24,Taofeek Ibrahim (CodingAlgorithm),codingalgorithm.hashnode.dev
25,Ayodele Spencer,ayodelespencer.hashnode.dev
26,Esther vaati,vaatiesther.hashnode.dev
27,Zoltán Szőgyényi,3 mins read
28,Chunyen Huang,cyhuang.hashnode.dev
29,Miracle Jude,3 mins read
30,Anish De,blog.anishde.dev
31,Alex Hernandez,phantomexclusive.hashnode.dev
32,Victor Adeshile,blog.webdevnote.io
33,Suraj Vishwakarma,surajondev.hashnode.dev
34,Camila Ramos,camiinthisthang.hashnode.dev
35,Titilope Rotimi,codingambivert.hashnode.dev
36,Robert Bruinier,blog.rbruinier.com
37,Andromeda,blogs.dhunganakunjan.com.np
38,Akhil Sharma,akh1l.hashnode.dev
39,Magic,daveed.hashnode.dev
40,programa mkenya,programamkenya.hashnode.dev
41,Nhut Nguyen,nhut.hashnode.dev
42,Miklós Szeles,mszeles.com
43,Marcin Wosinek,poznaj.dev
44,Michael Wilkinson,realworlddev.hashnode.dev
45,daniel okafor,buchman.hashnode.dev
46,Onyee Peace,blog.onyeepeace.com
47,Ahmed Gadein Obied,ahmedgadein.hashnode.dev
48,Madza,madza.hashnode.dev
49,Emmanuel Awosika,web3.hashnode.com
50,Devhouse,blog.devhouse.pro
51,Kolawole Akinde,wolecode.hashnode.dev
52,David Galiata,neoslash.hashnode.dev
53,Siddhi Gate,blog.siddhigate.me
54,Mohammed Kabir Hussaini,lekandev.hashnode.dev
55,Manmohan Singh,pulpmint.hashnode.dev
56,Marco Eidinger,blog.eidinger.info
57,Nikhil Dabhade,ghostman.hashnode.dev
58,Renato Cruz,blog.codigoninja.dev
59,David Lorenz,blog.activenode.de
60,Vishwajeet Raj,vishwajeetraj11.hashnode.dev
61,Gyen Abubakar,blog.gyen.dev
62,Manav Gupta,manavgupta.hashnode.dev
63,Peter Kelvin Torver,techfortified.hashnode.dev
64,Joshua Osagie,joshxtreme.hashnode.dev
65,Sarvesh Kadam,sarveshkadam.hashnode.dev
66,Ashley Keith,1 min read
67,Aigbe Destiny,destiny.hashnode.dev
68,Chris Bongers,h.daily-dev-tips.com
69,Lalit,lalit2005.hashnode.dev
70,Marcin Wosinek,how-to.dev
71,Kennedy Rose,kennedyrose.com
72,Connor Hicks,blog.suborbital.dev
73,Ayush Pawar,cswithiyush.hashnode.dev
74,Mahdi Abubakar,nigeriancoder.hashnode.dev
75,Raghav Singh Gulia,raghavsinghgulia.hashnode.dev
76,victor umeh,victorumeh.hashnode.dev
77,Pedro Eduardo Cruz de la Fuente,pipecruz.hashnode.dev
78,Marcin Wosinek,conoce.dev
79,Project Planet,project-planet.hashnode.dev
80,yytambaya,blog.yytambaya.com
81,Gabriel Rufino,www.gabrielrufino.com
82,Justin Horner,blog.justinhhorner.com
83,Rutik Wankhade,blog.rutikwankhade.dev
84,Sonia Manoubi,crunchcrunch.me
85,Sibusiso Dlamini,sibucodesstuff.hashnode.dev
86,Macky Daus,themakkiavelli.com
87,Syed Fazle Rahman,townhall.hashnode.com
88,Akhil Gautam,akhil.hashnode.dev
89,Anusree Anilkumar,anusree-anilkumar.hashnode.dev
90,medunes,blog.medunes.net
91,Mohit Yadav,blog.mohityadav.codes
92,Omar Mohammad,omarmohammad.nl
93,n3rd3x3,blog.n3rd3x3.xyz
94,Rick Rieger,myblog.riegercodes.com
95,SyedKabir,syedkabir.hashnode.dev
96,Ritza,ritza.hashnode.dev
97,Amr Elhewy,hewi.hashnode.dev
98,Ihuoma Anosike,ihuomablog.hashnode.dev
99,Yadukrishnan,yadukrishnan.hashnode.dev
100,Naman Mathur,annamtnt.hashnode.dev
101,Carlos Armando Marcano Vargas,carlosmv.hashnode.dev
102,Steffan Lee,lizhiyu.me
103,Atanda Nafiu,atandanafiu.hashnode.dev
104,Hrushikesh Kakade,aws.hashnode.com
105,Borislav Stoyanov,boringslav.hashnode.dev
106,Eduard Draghiciu,eduard.hashnode.dev
107,Diego Ballesteros,relatablecode.hashnode.dev
108,Nnadozie Okeke,dozie.dev
109,Jeffrey Orazulike,logickoder.hashnode.dev
110,Medusa,medusajs.hashnode.dev
111,Mattias Jonsson,oldcoder.hashnode.dev
112,Ronnie Atuhaire,blog.octachart.com
113,Prashant Singh,ano1herengineer.hashnode.dev
114,Oluwatobi Abidoye,sardius.hashnode.dev
115,Kevin Solomon,kevinsolomon.hashnode.dev
116,Renan Franca,renanfranca.hashnode.dev
117,Max,maxlundh.se
118,Himanshu Soni,himanshusoni.com
119,Sébastien Lorber,daily.sebastienlorber.com
120,Arctype,arctype.hashnode.dev
121,Siddharth Shyniben,blog.siddu.tech
122,Trisha Lim,trishalim.hashnode.dev
123,Dhruv Nakum,dhruvnakum.xyz
